Nom,Prénom,Pseudo,Email
Martin,Claire,claire.m_92,cla****in@yahoo.com
Lemoine,Paul,paul.lemoine,paul.***ine@outlook.com
Durand,Sophie,sophiedurand,sop****and@hotmail.com
Bernard,Lucas,lucas_brd,luc***ard@live.com
Moreau,Emma,emma.mr_88,emm****88@icloud.com
Petit,Thomas,tom_petit,tho****petit@protonmail.com
Roux,Julie,julie_roux,jul***oux@gmail.com
Fournier,Maxime,max_fournier,max****ier@yahoo.com
Girard,Laura,laura.gir,laur****gir@outlook.com
Garnier,Antoine,antoine_garnier,ant****ier@hotmail.com
Chevalier,Manon,manon_cvlr,man****vlr@live.com
Blanc,Alexandre,alex_blanc,ale****anc@icloud.com
Guerin,Chloe,chloe_guerin,chl****rin@protonmail.com
Faure,Julien,julienfaure,jul****ure@gmail.com
Mercier,Marine,marin3mercier,mar****cier@yahoo.com
Dupuis,Adrien,adrien_dps,adr****dps@outlook.com
Dupont,Justin,uneviedegamer9152,jus****ont@gmail.com
Lemoine,Elodie,elodie.lm,elo****lm@hotmail.com
Barbier,Nicolas,nico_brb,nic****brb@live.com
Colin,Amelie,amelie_colin,ame****lin@icloud.com
Perrin,Mathieu,mathieu_p,mat****p@protonmail.com
Renaud,Laetitia,laetitia_rn,lae****rn@gmail.com
Noel,David,david_noel,dav****el@yahoo.com
Masson,Claire,claire_msn,cla****msn@outlook.com
Leroy,Simon,simon_lry,sim****lry@hotmail.com
Dupont,Juliette,juliette_dp,jul****dp@live.com
Gauthier,Kevin,kevin_gth,kev****gth@icloud.com
Benoit,Isabelle,isabelle_bnt,isa****bnt@protonmail.com
Leclercq,Marc,marc_lec,mar****lec@gmail.com
Fabre,Elise,elise_fbr,eli****fbr@yahoo.com
David,Pauline,pauline_dvd,pau****dvd@outlook.com
Poulain,Jean,jean_pln,jea****pln@hotmail.com
Marchand,Claire,claire_mch,cla****mch@live.com
Dupuis,Lucas,lucas_dps,luc****dps@icloud.com
Baron,Marine,marine_brn,mar****brn@protonmail.com
Lemoine,Thomas,thomas_lm,tho****lm@gmail.com
Rousseau,Julie,julie_rss,jul****rss@yahoo.com
Fontaine,Maxime,maxime_fnt,max****fnt@outlook.com
Blanchard,Laura,laura_bld,laur****bld@hotmail.com
Giraud,Antoine,antoine_grd,ant****grd@live.com
Chevalier,Manon,manon_cvlr,man****vlr@icloud.com
Blanc,Alexandre,alex_blc,ale****blc@protonmail.com
Guerin,Chloe,chloe_grn,chl****grn@gmail.com
Faure,Julien,julien_fre,jul****fre@yahoo.com
Mercier,Marine,marine_mcr,mar****mcr@outlook.com
Dupuis,Adrien,adrien_dps,adr****dps@hotmail.com
Lemoine,Elodie,elodie_lm,elo****lm@live.com
Barbier,Nicolas,nico_brb,nic****brb@icloud.com
Colin,Amelie,amelie_coln,ame****coln@protonmail.com
Perrin,Mathieu,mathieu_prn,mat****prn@gmail.com
Renaud,Laetitia,laetitia_rnd,lae****rnd@yahoo.com
Noel,David,david_nel,dav****nel@outlook.com
Masson,Claire,claire_msn,cla****msn@hotmail.com
Leroy,Simon,simon_lry,sim****lry@live.com
Dupont,Juliette,juliette_dp,jul****dp@icloud.com
Gauthier,Kevin,kevin_gth,kev****gth@protonmail.com
Benoit,Isabelle,isabelle_bnt,isa****bnt@gmail.com
Leclercq,Marc,marc_lec,mar****lec@yahoo.com
Fabre,Elise,elise_fbr,eli****fbr@outlook.com
David,Pauline,pauline_dvd,pau****dvd@hotmail.com
Poulain,Jean,jean_pln,jea****pln@live.com
Marchand,Claire,claire_mch,cla****mch@icloud.com
Dupuis,Lucas,lucas_dps,luc****dps@protonmail.com
Baron,Marine,marine_brn,mar****brn@gmail.com
Lemoine,Thomas,thomas_lm,tho****lm@yahoo.com
Rousseau,Julie,julie_rss,jul****rss@outlook.com
Fontaine,Maxime,maxime_fnt,max****fnt@hotmail.com
Blanchard,Laura,laura_bld,laur****bld@live.com
Giraud,Antoine,antoine_grd,ant****grd@icloud.com
